ImageName,Label
cheating\image_1.jpeg,cheating
cheating\image_2.jpeg,cheating
cheating\image_3.jpeg,cheating
cheating\image_4.jpeg,cheating
cheating\image_5.jpeg,cheating
cheating\image_6.jpeg,cheating
cheating\image_7.jpeg,cheating
cheating\image_8.jpeg,cheating
cheating\image_9.jpeg,cheating
cheating\image_10.jpeg,cheating
cheating\image_11.jpeg,cheating
cheating\image_12.jpeg,cheating
cheating\image_13.jpeg,cheating
cheating\image_14.jpeg,cheating
not_cheating\image_15.jpeg,not_cheating
not_cheating\image_16.jpeg,not_cheating
not_cheating\image_17.jpeg,not_cheating
not_cheating\image_18.jpeg,not_cheating
not_cheating\image_19.jpeg,not_cheating
not_cheating\image_20.jpeg,not_cheating
not_cheating\image_21.jpeg,not_cheating
not_cheating\image_22.jpeg,not_cheating
not_cheating\image_23.jpg,not_cheating
not_cheating\image_24.jpg,not_cheating
not_cheating\image_25.jpg,not_cheating
not_cheating\image_26.jpg,not_cheating
not_cheating\image_27.jpg,not_cheating
not_cheating\image_28.jpg,not_cheating
not_cheating\image_29.jpg,not_cheating
not_cheating\image_59.jpg,not_cheating
not_cheating\image_60.jpg,not_cheating
not_cheating\image_61.jpg,not_cheating
not_cheating\image_62.jpg,not_cheating
not_cheating\image_63.jpg,not_cheating
cheating\image_64.jpg,cheating
cheating\image_65.jpg,cheating
cheating\image_66.jpg,cheating
cheating\image_67.jpg,cheating
