ImageName,Label
fighting\image_30.jpeg,fighting
fighting\image_31.jpeg,fighting
fighting\image_32.jpeg,fighting
fighting\image_33.jpeg,fighting
fighting\image_34.jpeg,fighting
fighting\image_35.jpeg,fighting
fighting\image_36.jpeg,fighting
fighting\image_37.jpeg,fighting
fighting\image_38.jpeg,fighting
fighting\image_39.jpeg,fighting
fighting\image_40.jpeg,fighting
fighting\image_41.jpeg,fighting
fighting\image_42.jpeg,fighting
fighting\image_43.jpeg,fighting
Not_fighting\image_44.jpg,Not_fighting
Not_fighting\image_45.jpg,Not_fighting
Not_fighting\image_46.jpg,Not_fighting
Not_fighting\image_47.jpg,Not_fighting
Not_fighting\image_48.jpg,Not_fighting
Not_fighting\image_49.jpg,Not_fighting
Not_fighting\image_50.jpg,Not_fighting
Not_fighting\image_51.jpg,Not_fighting
Not_fighting\image_52.jpg,Not_fighting
Not_fighting\image_53.jpg,Not_fighting
Not_fighting\image_54.jpg,Not_fighting
Not_fighting\image_55.jpg,Not_fighting
Not_fighting\image_56.jpg,Not_fighting
Not_fighting\image_57.jpg,Not_fighting
Not_fighting\image_58.jpg,Not_fighting
